id,Name,titleProject_id,class,score,login,password
0,Сербин Геннадий Михаилович,7,8в,2,Сербин_ГМ,90C7nYRI
1,Папандина Клавдия Яковлевна,304,9в,5,Папандина_КЯ,OOqQ4iKa
2,Белагина Галина Андреевна,396,9а,4,Белагина_ГА,LPhlKZh5
3,Кижняева Анна Леонидовна,178,7и,2,Кижняева_АЛ,fMnMIz73
4,Цывин Олег Яковлевич,446,7т,2,Цывин_ОЯ,O9TtKLl1
5,Жидняева Ксения Эдуардовна,373,7х,4,Жидняева_КЭ,CN6mQhBR
6,Липковский Анатолий Иванович,144,10а,2,Липковский_АИ,lI6hGgN3
7,Меднова Наталья Богдановна,290,7и,5,Меднова_НБ,kU5Q1k4i
8,Житихин Вячеслав Романович,141,9а,5,Житихин_ВР,vckI2JNZ
9,Шеврина Полина Максимовна,33,11а,5,Шеврина_ПМ,h9dIquCU
10,Алпеев Валентин Данилович,323,8а,2,Алпеев_ВД,A2YW4LyK
11,Золикова Клара Игоревна,364,10х,2,Золикова_КИ,by4ItEQ2
12,Дориков Дмитрий Петрович,296,10г,5,Дориков_ДП,gJv5kGv9
13,Корабышев Кирилл Михаилович,302,8и,5,Корабышев_КМ,ZCmp4vDn
14,Ростовиков Константин Николаевич,336,10а,2,Ростовиков_КН,G8tm3vJt
15,Нехаев Дмитрий Фёдорович,129,7х,4,Нехаев_ДФ,HqwF36u5
16,Зызлова Мария Николаевна,430,8г,3,Зызлова_МН,6lpn8vAN
17,Королупов Валерий Тимофеевич,397,10д,5,Королупов_ВТ,NvPn8djP
18,Стенцов Евгений Яковлевич,315,8и,4,Стенцов_ЕЯ,S8j8MtgM
19,Феклисов Константин Виталиевич,270,9т,None,Феклисов_КВ,YGe3GKee
20,Синелев Руслан Тимофеевич,300,8и,2,Синелев_РТ,GiuWqWd8
21,Опевалова Вера Евгеньевна,473,9д,5,Опевалова_ВЕ,HtLAta3i
22,Назерова Вероника Василевна,206,7б,5,Назерова_ВВ,wdV8YmCy
23,Дименская Светлана Дмитриевна,387,9д,5,Дименская_СД,Mr2TpKr7
24,Ковторева Раиса Василевна,482,9и,2,Ковторева_РВ,urvH8gXa
25,Кулишнин Вячеслав Яковлевич,386,11х,5,Кулишнин_ВЯ,nQWeT36O
26,Лексин Кирилл Антонович,139,7в,5,Лексин_КА,LceTr9U3
27,Лаковский Григорий Василиевич,240,7д,5,Лаковский_ГВ,GmvnAsz7
28,Барамыкова Александра Алексеевна,106,10а,3,Барамыкова_АА,ZzzfmrJ7
29,Плясулина Оксана Андреевна,346,8х,2,Плясулина_ОА,QP3zJk9j
30,Петрикеев Станислав Яковлевич,14,7и,4,Петрикеев_СЯ,2Y1ti5KF
31,Моторыгин Илья Георгиевич,238,10и,5,Моторыгин_ИГ,ZkW0nZ5S
32,Рыков Тарас Павлович,174,10и,5,Рыков_ТП,xTXvu0LX
33,Иончикова Елизавета Егоровна,169,8д,5,Иончикова_ЕЕ,HO4UBRrH
34,Смолькина Алиса Егоровна,441,7г,5,Смолькина_АЕ,5C7JXxsc
35,Оболенин Герасим Павлович,472,7и,4,Оболенин_ГП,QoJ0pYvn
36,Трощинский Георгий Борисович,67,9д,3,Трощинский_ГБ,DFEcHf9X
37,Поддубская Лиза Игоревна,496,10а,4,Поддубская_ЛИ,LXLJKlA3
38,Телькова Валерия Олеговна,335,7х,4,Телькова_ВО,chQr2Es0
39,Чигварина Александра Алексеевна,428,10б,2,Чигварина_АА,k9iIVMEx
40,Киреевский Артур Игоревич,119,7в,3,Киреевский_АИ,Hod5wfa9
41,Шумейкин Роман Павлович,420,8в,5,Шумейкин_РП,Bhml99YV
42,Трушинов Максим Алексиевич,82,8и,4,Трушинов_МА,3aqgXri4
43,Голюков Денис Сергеевич,62,11б,4,Голюков_ДС,yVM0faE7
44,Хлиманкова Надежда Валерьевна,461,10б,3,Хлиманкова_НВ,HykLW5c1
45,Кулаженков Алексей Олегович,367,10в,2,Кулаженков_АО,FUx1e2Gg
46,Бутукин Владимир Адамович,221,7х,5,Бутукин_ВА,7OS5JKRr
47,Поддуев Леонид Олегович,149,9х,4,Поддуев_ЛО,nn5JnDd0
48,Ревцев Василий Павлович,360,9х,5,Ревцев_ВП,dTdR9JIM
49,Старокожев Артём Юрьевич,46,8д,3,Старокожев_АЮ,r5fyL1x0
50,Светошев Максим Михаилович,321,10х,2,Светошев_ММ,HcYSB7x6
51,Старынина Кристина Федоровна,266,9д,3,Старынина_КФ,BWIDn76g
52,Востров Дмитрий Денисович,282,9г,3,Востров_ДД,4pORtnER
53,Бураханова Анастасия Леонидовна,16,8г,2,Бураханова_АЛ,WOA9HRYx
54,Понизов Виктор Кириллович,214,11и,5,Понизов_ВК,83oRhTAn
55,Суздалев Валерий Алексеевич,66,11т,5,Суздалев_ВА,GuUYoAM6
56,Колендин Дмитрий Алексеевич,153,10в,4,Колендин_ДА,1n51tRrr
57,Сулькова Екатерина Андреевна,325,8и,4,Сулькова_ЕА,Ur7LPFRZ
58,Аржевитова Надежда Федоровна,242,10в,2,Аржевитова_НФ,nkMO7PF7
59,Крассов Валерий Олегович,201,8х,5,Крассов_ВО,7wX4o94i
60,Сонураева Инна Андреевна,450,9т,3,Сонураева_ИА,NNo6C2hg
61,Пашин Роман Вадимович,204,10д,2,Пашин_РВ,SQwYuzQ3
62,Фичкина Евгения Федоровна,29,11д,3,Фичкина_ЕФ,9YxhbrHE
63,Свилин Олег Виталиевич,123,8в,2,Свилин_ОВ,w8BpwLO2
64,Рогоцкий Андрей Адамович,142,9в,2,Рогоцкий_АА,BJw3CqG5
65,Ахантьев Игорь Валериевич,80,10д,5,Ахантьев_ИВ,IWa0gYm4
66,Сочиникова Ксения Кирилловна,100,10д,2,Сочиникова_КК,a4PJTBDg
67,Остюков Артур Романович,329,11и,3,Остюков_АР,lDNbopu2
68,Брюкина Оксана Викторовна,98,8в,5,Брюкина_ОВ,ZzMg2Hi7
69,Кузовенков Игорь Юрьевич,322,9г,None,Кузовенков_ИЮ,9JvbZBER
70,Калухов Тарас Иванович,207,11а,3,Калухов_ТИ,hnpPzOX1
71,Батыров Пётр Виталиевич,227,7и,3,Батыров_ПВ,1pzBnJZA
72,Озрина Катерина Валерьевна,147,10а,4,Озрина_КВ,2hvKKn45
73,Декалова Полина Леонидовна,470,11д,5,Декалова_ПЛ,SL0tUlHW
74,Лосицкий Владимир Кириллович,369,9т,5,Лосицкий_ВК,3xn9C2ES
75,Магнусов Пётр Максимович,437,7и,5,Магнусов_ПМ,Ru3f6YVI
76,Лавренков Михаил Василиевич,188,9б,2,Лавренков_МВ,h85PUnq7
77,Шушкалова Вероника Алексеевна,411,8т,5,Шушкалова_ВА,G0Pe0LQA
78,Бороданова Маргарита Дмитриевна,118,7г,5,Бороданова_МД,wII7FbAQ
79,Циркина Виолетта Федоровна,231,9г,2,Циркина_ВФ,4FIIRtNb
80,Болохина Екатерина Андреевна,194,11д,3,Болохина_ЕА,T0Yxgucp
81,Чукалова Дарья Валерьевна,20,10г,4,Чукалова_ДВ,yTSP3bP7
82,Беловолов Степан Петрович,222,9д,2,Беловолов_СП,gPHb7YcZ
83,Зудейкина Вероника Ивановна,166,8и,3,Зудейкина_ВИ,vg2j2rQB
84,Макунова Мария Борисовна,47,9в,5,Макунова_МБ,tSZuV3DD
85,Верзанский Геннадий Андреевич,497,7д,5,Верзанский_ГА,6sDl69mp
86,Алтубин Ярослав Леонидович,414,10г,5,Алтубин_ЯЛ,VK99Inyh
87,Аузин Игорь Алексиевич,435,8х,5,Аузин_ИА,iW8VE0iR
88,Калыгин Степан Тимофеевич,353,8и,2,Калыгин_СТ,yhlnV6mO
89,Дурныгина Полина Игоревна,72,8и,2,Дурныгина_ПИ,Jck9yR6u
90,Антюфеева Александра Вадимовна,347,8и,2,Антюфеева_АВ,u5qHspO3
91,Лощинский Борис Романович,210,10б,3,Лощинский_БР,I9X6AkHj
92,Ходорков Евгений Виталиевич,344,9г,5,Ходорков_ЕВ,4uWKdDr8
93,Кафорин Федор Данилович,427,10д,3,Кафорин_ФД,jDas9eRW
94,Косынская Алиса Дмитриевна,40,9в,3,Косынская_АД,W7lKonqL
95,Беремцев Артём Антонович,434,11т,2,Беремцев_АА,fE5r18CN
96,Влянская Мария Андреевна,490,7т,4,Влянская_МА,9kxEsEdZ
97,Мыгеева Лиза Василевна,280,8в,5,Мыгеева_ЛВ,hZaLKE7y
98,Акутникова Мария Алексеевна,173,11в,2,Акутникова_МА,5oAJpGuJ
99,Карябкин Константин Максимович,89,7и,2,Карябкин_КМ,mcE9iKti
100,Прилепина Яна Максимовна,30,10в,5,Прилепина_ЯМ,VUlE0aRt
101,Ведищев Никита Георгиевич,365,7и,5,Ведищев_НГ,o2AFQVRW
102,Самчева Вероника Борисовна,287,10г,3,Самчева_ВБ,Zc6aabti
103,Пирцхалова Карина Леонидовна,452,10г,5,Пирцхалова_КЛ,rINeMC4U
104,Павлочев Денис Борисович,432,11д,5,Павлочев_ДБ,tdYfz3L1
105,Арашкова Екатерина Евгеньевна,356,8х,None,Арашкова_ЕЕ,RExHnB5T
106,Байсарова Людмила Василевна,215,11и,2,Байсарова_ЛВ,TIRtUT8C
107,Кудекина Зинаида Игоревна,250,10и,3,Кудекина_ЗИ,iF2aHsCR
108,Дерналов Виталий Викторович,1,9г,4,Дерналов_ВВ,j5SosLJF
109,Сазинова Галина Романовна,61,9и,3,Сазинова_ГР,0fPDztE2
110,Остаченова Марина Эдуардовна,229,9т,5,Остаченова_МЭ,CfxMp900
111,Битюкова Яна Егоровна,488,9и,4,Битюкова_ЯЕ,8Iu7Bsdh
112,Иваницкий Константин Борисович,232,8д,5,Иваницкий_КБ,AgPX61gc
113,Белянский Владислав Игоревич,74,11б,5,Белянский_ВИ,WW3Qhz4Q
114,Баранкин Артём Алексеевич,382,9т,2,Баранкин_АА,0gAFZ9v9
115,Шкабанова Софья Вадимовна,499,9х,4,Шкабанова_СВ,9Fm6asmH
116,Полозлов Денис Адамович,155,8т,3,Полозлов_ДА,AhisAM79
117,Жунина Светлана Михайловна,162,8в,3,Жунина_СМ,y91aSHut
118,Пантыкин Борис Игоревич,245,9х,2,Пантыкин_БИ,Lss9HBfx
119,Доутова Марина Богдановна,189,11х,2,Доутова_МБ,Xt92SZqZ
120,Трещалова Яна Андреевна,330,8б,3,Трещалова_ЯА,FH7oBkNP
121,Ивашечкин Александр Данилович,390,10т,4,Ивашечкин_АД,8fpTq2GH
122,Мазьянова Инна Богдановна,416,11в,4,Мазьянова_ИБ,2V9LofQ6
123,Корогев Николай Евгеньевич,184,8б,5,Корогев_НЕ,GYFm4TGe
124,Заидова Галина Максимовна,88,9т,4,Заидова_ГМ,CM4QuqE7
125,Рамхин Кирилл Алексиевич,459,9х,4,Рамхин_КА,qZg3XV9p
126,Кизбабаев Эдуард Фёдорович,415,11т,2,Кизбабаев_ЭФ,6JatKMof
127,Соурчаков Ярослав Валериевич,268,8б,2,Соурчаков_ЯВ,GOMikpu1
128,Мотяшева Алена Михайловна,404,7т,2,Мотяшева_АМ,eOq4nREu
129,Горшкова Наталия Яковлевна,340,11а,2,Горшкова_НЯ,Ee1WXv5R
130,Зябрицкий Игорь Виталиевич,332,7а,5,Зябрицкий_ИВ,dPhWpT0Q
131,Шельдяев Игорь Юриевич,97,7д,5,Шельдяев_ИЮ,Y2bbteiT
132,Шмелькин Максим Викторович,483,9т,5,Шмелькин_МВ,ZufvDa2G
133,Жалкин Алексей Алексеевич,43,7а,3,Жалкин_АА,2S2rspaL
134,Худасов Денис Максимович,70,10д,2,Худасов_ДМ,GEpdhYK3
135,Швичкова Наталья Эдуардовна,398,7г,4,Швичкова_НЭ,0fDqSCXm
136,Едская Жанна Валерьевна,436,11в,4,Едская_ЖВ,oJUsb6uf
137,Поморзина Полина Евгеньевна,122,7д,4,Поморзина_ПЕ,B1s3KwWv
138,Будачева Кира Олеговна,55,11х,4,Будачева_КО,SEc2T6OT
139,Молкаев Василий Валериевич,216,8д,2,Молкаев_ВВ,FWV9Upmi
140,Яцынин Константин Тимофеевич,285,7г,2,Яцынин_КТ,sq17TDgF
141,Маховиков Василий Петрович,391,7х,4,Маховиков_ВП,v6pozkE0
142,Шаметова Евгения Вадимовна,463,7а,2,Шаметова_ЕВ,G6oy46cR
143,Законнова Жанна Евгеньевна,442,11и,None,Законнова_ЖЕ,7gItz0SY
144,Перчихин Аркадий Тимофеевич,164,10т,3,Перчихин_АТ,UajoXp1A
145,Бурдасова Ксения Игоревна,203,9а,3,Бурдасова_КИ,5yT0TN1x
146,Киссин Степан Иванович,251,7х,5,Киссин_СИ,RqjqYoN1
147,Вапилина Мария Егоровна,77,7д,2,Вапилина_МЕ,z79E6tQX
148,Сигутина Дарья Федоровна,458,7б,2,Сигутина_ДФ,8opWuZiC
149,Сошьяков Альберт Фёдорович,17,7т,4,Сошьяков_АФ,W9Gm9a6z
150,Лугахина Клара Вадимовна,419,8в,4,Лугахина_КВ,r5mx5qnI
151,Логецкий Анатолий Виталиевич,372,11б,4,Логецкий_АВ,CVvqTA8h
152,Ковайкова Юлия Егоровна,75,10г,2,Ковайкова_ЮЕ,Dn9kNZwr
153,Вермутский Валерий Петрович,447,9и,5,Вермутский_ВП,91hSy9OL
154,Россомахов Олег Юриевич,56,8в,2,Россомахов_ОЮ,AcXXk6Q3
155,Циплакова Екатерина Егоровна,471,9б,5,Циплакова_ЕЕ,IZf6usUa
156,Квятцева Алла Никитична,138,11в,2,Квятцева_АН,Y79OmNoW
157,Выхухолева Лариса Василевна,384,8б,5,Выхухолева_ЛВ,OQ7dq1L2
158,Целохов Андрей Вадимович,433,8и,5,Целохов_АВ,4SSiBphg
159,Бендин Иван Яковлевич,71,8и,4,Бендин_ИЯ,7oWpIk8h
160,Лазученков Василий Алексеевич,381,7х,2,Лазученков_ВА,19kDhn4n
161,Скоропухов Михаил Василиевич,69,10и,3,Скоропухов_МВ,L31uZlGF
162,Мухонкин Тарас Романович,126,9и,4,Мухонкин_ТР,Yv0d55Tz
163,Камерцев Владимир Кириллович,303,7а,3,Камерцев_ВК,G7OZ8z8U
164,Сандрыкина Анна Олеговна,324,10т,2,Сандрыкина_АО,wMN60UdL
165,Недбайлов Алексей Денисович,15,7т,2,Недбайлов_АД,aQI9PJci
166,Серпков Ярослав Георгиевич,380,10б,4,Серпков_ЯГ,aEu9KSQp
167,Хатшуклов Аркадий Николаевич,42,11т,4,Хатшуклов_АН,CoX52E5R
168,Литвалиева Алиса Егоровна,10,11и,3,Литвалиева_АЕ,VifTo6Om
169,Енесина Лиза Валерьевна,293,9б,5,Енесина_ЛВ,4lK0LdRf
170,Пикальков Эдуард Алексиевич,21,8д,5,Пикальков_ЭА,4F904VFz
171,Сачинский Валентин Кириллович,125,10т,2,Сачинский_ВК,slY55tgD
172,Тарзанова Евгения Аркадьевна,96,9д,2,Тарзанова_ЕА,cS0xFWLe
173,Лапундин Юрий Игоревич,267,8и,5,Лапундин_ЮИ,9ObdYgjE
174,Личева Лиза Михайловна,453,9б,3,Личева_ЛМ,bdL1AiTg
175,Смароверов Яков Борисович,131,11в,4,Смароверов_ЯБ,Eh0jGHHG
176,Вереина Алла Василевна,295,10и,3,Вереина_АВ,fdXeoG4Y
177,Погиблева Дарья Леонидовна,283,9в,5,Погиблева_ДЛ,VLizXI4S
178,Байнова Анастасия Вадимовна,363,7б,3,Байнова_АВ,hwfHlcj0
179,Шиловский Вячеслав Максимович,438,9и,4,Шиловский_ВМ,LXr09etE
180,Сыждиков Пётр Василиевич,494,11х,5,Сыждиков_ПВ,rJIOQs5I
181,Каценова Алёна Эдуардовна,165,11т,2,Каценова_АЭ,u0HBDfCM
182,Мужицких Ева Олеговна,348,8х,3,Мужицких_ЕО,Se3krdOe
183,Плеснецов Степан Юрьевич,22,10а,2,Плеснецов_СЮ,Rv06Swud
184,Игумнова Алёна Сергеевна,114,9д,4,Игумнова_АС,k7vdpUPm
185,Хадаров Владимир Валериевич,278,11т,5,Хадаров_ВВ,dM1Ul9C1
186,Ступакова Кира Ивановна,421,8и,3,Ступакова_КИ,goveJk6C
187,Шоленинов Федор Максимович,286,11т,4,Шоленинов_ФМ,9fuWorUg
188,Гундаров Руслан Николаевич,158,9д,4,Гундаров_РН,5EAm1OSI
189,Гречишева Марина Андреевна,464,7д,2,Гречишева_МА,ykBEoDm4
190,Утилова Алена Андреевна,253,11д,3,Утилова_АА,7lsl13uR
191,Роткичева Алиса Максимовна,410,10а,4,Роткичева_АМ,3BInfAfW
192,Колтышева Марина Вадимовна,87,11г,4,Колтышева_МВ,jaYcUgJ7
193,Гурычева Лариса Валерьевна,489,9б,2,Гурычева_ЛВ,7aaYtB5h
194,Горцева Кристина Никитична,246,8и,4,Горцева_КН,t4ZFBlZ5
195,Кутурин Геннадий Денисович,197,9в,2,Кутурин_ГД,OBx6Uns1
196,Стефанков Яков Евгеньевич,318,10г,3,Стефанков_ЯЕ,yoHQO0M4
197,Множина Людмила Василевна,90,8б,2,Множина_ЛВ,csES2dbH
198,Семисалов Георгий Иванович,316,9в,3,Семисалов_ГИ,mBF0LZCM
199,Рогалов Альберт Валериевич,327,9б,2,Рогалов_АВ,jcA5rGej
200,Черетаева Анастасия Олеговна,341,9б,2,Черетаева_АО,Ij2oIhWq
201,Радоминова Любовь Игоревна,25,9и,5,Радоминова_ЛИ,MvT5VMlm
202,Шувырина Лиза Андреевна,395,9а,5,Шувырина_ЛА,qwbeGba5
203,Калиженков Семён Алексеевич,401,11а,4,Калиженков_СА,PooALJ2S
204,Старокашин Константин Петрович,309,10а,3,Старокашин_КП,wPjEbC6Z
205,Малтоцов Аркадий Яковлевич,218,8а,3,Малтоцов_АЯ,DmQs5ORq
206,Кузеванова Ева Егоровна,116,7д,2,Кузеванова_ЕЕ,ZYEvGnr7
207,Нурулина Алёна Егоровна,284,9х,2,Нурулина_АЕ,QkHCZ0hW
208,Лератов Герасим Сергеевич,374,10а,4,Лератов_ГС,igUSHji9
209,Людин Руслан Аркадиевич,498,7и,3,Людин_РА,u6KAodxP
210,Пурин Виктор Данилович,154,8и,5,Пурин_ВД,6HQunM2t
211,Лютов Виктор Юрьевич,288,11г,2,Лютов_ВЮ,Odaz8Nqd
212,Марюшкина Яна Федоровна,345,10д,5,Марюшкина_ЯФ,oBZfvcE5
213,Томилова Кристина Михайловна,492,11б,3,Томилова_КМ,FHflb8L0
214,Дистерев Валерий Валериевич,24,7г,3,Дистерев_ВВ,0ni02Dbu
215,Дочкин Геннадий Алексиевич,52,11и,5,Дочкин_ГА,XuMA9M03
216,Иняхин Руслан Сергеевич,234,7и,5,Иняхин_РС,US5fT0mR
217,Знайкова Раиса Егоровна,148,11х,3,Знайкова_РЕ,1dAQqJ1w
218,Кашавцев Аркадий Леонидович,58,7а,4,Кашавцев_АЛ,TDaR6dmk
219,Пятернина Кристина Андреевна,445,7и,2,Пятернина_КА,2dudNb6c
220,Гусеева Карина Викторовна,263,9и,2,Гусеева_КВ,pyhqYn4L
221,Кастева Яна Сергеевна,108,7и,2,Кастева_ЯС,K7iQVPoM
222,Гришанин Тарас Павлович,113,10т,2,Гришанин_ТП,T8VRSK2r
223,Грамоткин Илья Викторович,195,8д,5,Грамоткин_ИВ,VgpmBt0O
224,Мелисин Геннадий Василиевич,465,10г,2,Мелисин_ГВ,CqIgQ4kN
225,Цинина Светлана Яковлевна,105,11г,5,Цинина_СЯ,BaMiDSu3
226,Петов Георгий Адамович,57,9а,2,Петов_ГА,hdUtNX7w
227,Реева Валентина Максимовна,146,11и,5,Реева_ВМ,E9vrwoq4
228,Слесивых Мария Аркадьевна,35,7и,5,Слесивых_МА,YTYA25Eq
229,Афтаева Полина Ивановна,193,10д,5,Афтаева_ПИ,0lFkLKFo
230,Кривицкий Валентин Виталиевич,208,8х,5,Кривицкий_ВВ,jS3nhQXt
231,Чубатов Константин Леонидович,279,11а,4,Чубатов_КЛ,zq7sb7nY
232,Партенков Геннадий Павлович,418,8х,3,Партенков_ГП,5OOBS6mI
233,Черушев Григорий Борисович,84,7г,4,Черушев_ГБ,rNwgm8cb
234,Тютекин Георгий Тимофеевич,262,7а,2,Тютекин_ГТ,ZUL9iYd6
235,Янкевский Вячеслав Адамович,167,11г,4,Янкевский_ВА,pwlFm4Op
236,Сухручкина Клавдия Аркадьевна,177,7в,4,Сухручкина_КА,sCL6BmMn
237,Конофалова Клара Петровна,95,11д,5,Конофалова_КП,f1ZDTDT9
238,Лигасов Михаил Павлович,491,11г,4,Лигасов_МП,ligt8EFj
239,Писарьков Альберт Игоревич,313,8в,4,Писарьков_АИ,ALj3pE0G
240,Варов Кирилл Иванович,28,8а,5,Варов_КИ,AWyuf3P4
241,Пурынов Евгений Петрович,244,9и,3,Пурынов_ЕП,2NkqLXLd
242,Супрутская Вероника Викторовна,187,9а,2,Супрутская_ВВ,1z403K6U
243,Скроцкая Алина Федоровна,127,8г,3,Скроцкая_АФ,GpM3kM9a
244,Барадулин Вадим Юрьевич,281,11х,3,Барадулин_ВЮ,JNXMTH7g
245,Точилин Дмитрий Фёдорович,476,8а,2,Точилин_ДФ,39p1X5FV
246,Бикмуллин Руслан Валериевич,333,11т,2,Бикмуллин_РВ,tZRy8kXN
247,Серпичев Василий Алексиевич,394,10х,5,Серпичев_ВА,V0NSUZxr
248,Вострышев Яков Аркадиевич,343,8г,5,Вострышев_ЯА,Zfz9qFNx
249,Грушчева София Евгеньевна,480,11в,None,Грушчева_СЕ,WfuxqwT3
250,Кулапов Александр Юрьевич,109,9б,5,Кулапов_АЮ,zW4O4KhN
251,Чибисенков Владислав Фёдорович,375,8х,3,Чибисенков_ВФ,TILr6VIw
252,Утилов Роман Василиевич,254,9х,2,Утилов_РВ,KQI6XTIk
253,Татаурова Галина Федоровна,145,10т,4,Татаурова_ГФ,dPwUx8js
254,Визавитина Наталия Леонидовна,101,10г,2,Визавитина_НЛ,z7btaOEe
255,Мягченков Артём Денисович,115,7б,4,Мягченков_АД,Ag2eNJq6
256,Брикова Инна Богдановна,256,9б,4,Брикова_ИБ,v0Cj49SS
257,Наторкин Валентин Данилович,319,7и,2,Наторкин_ВД,tYa6KKTI
258,Эштрекова Софья Алексеевна,76,9в,3,Эштрекова_СА,xNPDi24W
259,Кутаманова Кира Андреевна,182,10т,2,Кутаманова_КА,htEU4qIe
260,Кыштымова Евгения Эдуардовна,255,8в,5,Кыштымова_ЕЭ,LTsmJ61P
261,Ккнязева Клавдия Дмитриевна,34,7б,5,Ккнязева_КД,9c5EcrZ6
262,Глаголина Алиса Никитична,249,9д,2,Глаголина_АН,7GbLAKN9
263,Рисина Раиса Валерьевна,451,10а,4,Рисина_РВ,SGo9LhLX
264,Ребров Алексей Георгиевич,289,8и,3,Ребров_АГ,JqzFT5iL
265,Вырысалова Александра Евгеньевна,39,11и,2,Вырысалова_АЕ,NGz11Xnm
266,Гомольский Владимир Юриевич,314,11х,5,Гомольский_ВЮ,iiWwyk7V
267,Швинова Марина Федоровна,271,8г,5,Швинова_МФ,uh9udUxp
268,Рудковская Инна Дмитриевна,6,7т,3,Рудковская_ИД,yHej7pFw
269,Решеткина Дарья Василевна,408,10и,3,Решеткина_ДВ,7OhbTvBf
270,Евстихеев Игорь Василиевич,422,10х,5,Евстихеев_ИВ,MoJFMU2C
271,Лазарина Алёна Федоровна,161,8б,3,Лазарина_АФ,jvO0OMoD
272,Гляченков Григорий Николаевич,431,10а,5,Гляченков_ГН,w78ybHpo
273,Чардынцева Алина Вадимовна,135,10д,3,Чардынцева_АВ,Mbz7A5ce
274,Скаредов Яков Иванович,337,9т,5,Скаредов_ЯИ,Uq7zcX3b
275,Юрицкий Эдуард Денисович,192,7д,3,Юрицкий_ЭД,RE2nd12s
276,Кравчина Светлана Аркадьевна,413,11г,5,Кравчина_СА,wC2JLz4Y
277,Чмареткова Полина Вадимовна,449,10а,2,Чмареткова_ПВ,hshDAn9P
278,Углова Галина Романовна,260,9г,3,Углова_ГР,W9mUmSar
279,Згуровская Виктория Андреевна,220,9т,4,Згуровская_ВА,4FwJ6dUL
280,Секерский Станислав Сергеевич,235,10а,4,Секерский_СС,r5KprYPf
281,Жевайкин Евгений Адамович,86,11г,3,Жевайкин_ЕА,iC1dXFYx
282,Коточигов Семён Игоревич,26,9д,5,Коточигов_СИ,cTtYDH82
283,Калонин Альберт Денисович,297,8б,2,Калонин_АД,ZVX9yOj2
284,Валягин Григорий Антонович,94,10в,4,Валягин_ГА,hh8ONTGC
285,Коцева Кристина Николаевна,412,9г,3,Коцева_КН,kH5PpUSk
286,Голина Кристина Максимовна,3,7х,3,Голина_КМ,IRrJQlA4
287,Батрамеев Анатолий Романович,354,9х,3,Батрамеев_АР,afVkGMj4
288,Чикмарев Валентин Валериевич,306,9и,5,Чикмарев_ВВ,jAC8z0PJ
289,Киницына Валерия Олеговна,202,7х,4,Киницына_ВО,A8d1SPKk
290,Числин Юрий Денисович,121,7в,2,Числин_ЮД,Ib3HQaNh
291,Стебунова Юлия Романовна,358,9т,3,Стебунова_ЮР,NtRZblw0
292,Кацов Павел Павлович,236,10г,5,Кацов_ПП,0Uedqx4M
293,Гоцев Тарас Викторович,41,8в,3,Гоцев_ТВ,cq2HEPiO
294,Мотовицкий Роман Аркадиевич,31,11и,5,Мотовицкий_РА,LfsM06tu
295,Чурзина Клара Егоровна,308,10б,3,Чурзина_КЕ,Gs9Wie1o
296,Щепалкина Валерия Сергеевна,134,9б,4,Щепалкина_ВС,8DQyZYAz
297,Утимишев Ярослав Игоревич,239,11а,3,Утимишев_ЯИ,1INIYWBd
298,Алуханов Кирилл Фёдорович,298,7т,2,Алуханов_КФ,0abVnpAx
299,Полунеев Валентин Валериевич,307,8и,2,Полунеев_ВВ,0gIXPkpU
300,Крупенова Наталия Андреевна,209,7в,5,Крупенова_НА,zsCIVz4K
301,Корнюшин Илья Юрьевич,44,10т,3,Корнюшин_ИЮ,Db3j940f
302,Паушева Виолетта Никитична,310,8г,4,Паушева_ВН,A2wJm1bU
303,Берзин Герасим Антонович,349,11т,5,Берзин_ГА,hE5LUQvO
304,Шулунова Алла Алексеевна,54,7д,4,Шулунова_АА,7kLEu59P
305,Трепашова София Яковлевна,399,11а,2,Трепашова_СЯ,9oahJWAE
306,Чумейкин Константин Антонович,8,8б,5,Чумейкин_КА,t3gwLhqF
307,Польшиков Денис Игоревич,495,9и,2,Польшиков_ДИ,Th4h080z
308,Медоусова Жанна Романовна,252,7б,2,Медоусова_ЖР,ZnuDg19l
309,Акуратова Клавдия Андреевна,92,9г,5,Акуратова_КА,1XsKPCm1
310,Курмеева Елизавета Валерьевна,486,8а,5,Курмеева_ЕВ,Y2jQE2Kj
311,Бадов Александр Аркадиевич,217,10г,3,Бадов_АА,ZDaB7PLe
312,Бакушин Эдуард Адамович,265,7б,5,Бакушин_ЭА,Npm6LrtS
313,Чебина Инна Сергеевна,273,10т,2,Чебина_ИС,RXFaXn95
314,Подледнова Наталья Ивановна,112,11и,3,Подледнова_НИ,p40QaVvo
315,Садгеева Лиза Евгеньевна,460,11г,3,Садгеева_ЛЕ,vGZ3XRaE
316,Акушин Борис Павлович,493,9т,2,Акушин_БП,zx1dSUv0
317,Аришев Руслан Кириллович,379,10т,3,Аришев_РК,n8UL2Yp4
318,Гуслова Кристина Олеговна,389,9в,2,Гуслова_КО,Wm5OPTKH
319,Глоточкина Оксана Аркадьевна,370,9и,5,Глоточкина_ОА,O2OaQv8g
320,Шапина Маргарита Романовна,163,8б,5,Шапина_МР,18L8ffMJ
321,Дурылин Георгий Валериевич,261,11т,4,Дурылин_ГВ,hKfhrc5V
322,Болкисева Анна Викторовна,248,7х,4,Болкисева_АВ,FY2EvyeL
323,Багапов Вячеслав Сергеевич,99,7д,4,Багапов_ВС,bN0vqGBm
324,Люцарева Яна Аркадьевна,376,11б,2,Люцарева_ЯА,ojkE7gXt
325,Боготынина София Егоровна,63,11б,5,Боготынина_СЕ,4lF10IGH
326,Саюшкин Игорь Алексиевич,211,11х,5,Саюшкин_ИА,mhWL9jCy
327,Потешных Тамара Николаевна,468,11в,3,Потешных_ТН,ZBBO7eNP
328,Незлина Жанна Василевна,426,8б,5,Незлина_ЖВ,ef53V7Ms
329,Федичева Вероника Кирилловна,37,7х,4,Федичева_ВК,MoxDgia1
330,Пустынкин Вадим Антонович,388,10в,5,Пустынкин_ВА,vpwUmd6W
331,Аринакова Ирина Михайловна,150,8в,5,Аринакова_ИМ,BMkvhK3Z
332,Обиралкова Мария Егоровна,294,11т,5,Обиралкова_МЕ,6Kqc3Qif
333,Аристарова Валентина Максимовна,443,11г,2,Аристарова_ВМ,0Ue2xoiC
334,Яуров Герасим Юрьевич,38,9а,5,Яуров_ГЮ,2fUYw68P
335,Духонькин Вячеслав Фёдорович,2,9в,4,Духонькин_ВФ,Pjf8knzQ
336,Гвасков Евгений Михаилович,402,9в,5,Гвасков_ЕМ,npkIN24S
337,Жабынина Галина Николаевна,185,7х,5,Жабынина_ГН,rWMMaC5x
338,Шерюкова Виолетта Романовна,440,9б,4,Шерюкова_ВР,XZX4xqtd
339,Колокатов Пётр Евгеньевич,484,10в,3,Колокатов_ПЕ,6iiqCC4M
340,Шайдуков Андрей Михаилович,317,9и,4,Шайдуков_АМ,xT1NGzNd
341,Смирнягина Дарья Игоревна,425,10в,4,Смирнягина_ДИ,63lXexjf
342,Штырева Ева Олеговна,258,11и,2,Штырева_ЕО,yJSYZD93
343,Ашукин Вячеслав Михаилович,191,10т,4,Ашукин_ВМ,1yp5wxDO
344,Рубченкова Галина Алексеевна,190,9в,3,Рубченкова_ГА,dF65L1Sw
345,Зархин Иван Алексиевич,478,11и,5,Зархин_ИА,5K1y3fL2
346,Адиотов Дмитрий Павлович,156,7б,3,Адиотов_ДП,t04puKwq
347,Тищенкова Раиса Валерьевна,79,7д,3,Тищенкова_РВ,4CyGbHgP
348,Лозеев Илья Петрович,205,10д,2,Лозеев_ИП,NMw6Oqkf
349,Кобяшов Герасим Михаилович,305,11т,2,Кобяшов_ГМ,UaC82hTu
350,Ронова Клавдия Валерьевна,107,7и,4,Ронова_КВ,2Sjb3nrI
351,Стрижнов Алексей Евгеньевич,385,11г,3,Стрижнов_АЕ,EeIAP349
352,Волынский Алексей Виталиевич,362,11т,5,Волынский_АВ,jz2pk3SO
353,Машонский Василий Данилович,23,9д,5,Машонский_ВД,8obeRPf8
354,Буриева Зинаида Аркадьевна,104,11д,4,Буриева_ЗА,aSY8mYub
355,Борщина Алёна Ивановна,377,11а,5,Борщина_АИ,abVBgoV5
356,Белчков Олег Иванович,275,10а,4,Белчков_ОИ,P4Dcl1A2
357,Остропиков Альберт Данилович,157,8г,2,Остропиков_АД,72kPEZU9
358,Оргонова Любовь Максимовна,264,7б,4,Оргонова_ЛМ,CFTzMhC0
359,Мальков Юрий Евгеньевич,228,7г,3,Мальков_ЮЕ,e8Mocqw9
360,Свльхова Наталья Вадимовна,160,9т,5,Свльхова_НВ,r1oJ0I2S
361,Мякушков Герасим Леонидович,102,10т,3,Мякушков_ГЛ,zV3dpWxT
362,Межуев Георгий Юриевич,355,8г,4,Межуев_ГЮ,J1tvtG4e
363,Чериншев Александр Сергеевич,439,8а,2,Чериншев_АС,bq1NLBJ9
364,Муниров Алексей Андреевич,117,11г,3,Муниров_АА,oQwHr2U2
365,Климухин Руслан Романович,269,10в,3,Климухин_РР,p3yum76C
366,Дембская Екатерина Никитична,64,11б,4,Дембская_ЕН,usJI3WLx
367,Тюнеев Яков Фёдорович,417,10т,2,Тюнеев_ЯФ,pBg3V6Rk
368,Трушитин Антон Данилович,168,9х,3,Трушитин_АД,XKA7zUte
369,Балакишиев Роман Алексиевич,143,11х,5,Балакишиев_РА,ZCBE7z7T
370,Немтюрева Валерия Аркадьевна,12,10г,4,Немтюрева_ВА,nyOBv18u
371,Складанова Клавдия Аркадьевна,257,9а,3,Складанова_КА,YpDL2ujq
372,Заходина Полина Леонидовна,93,10д,4,Заходина_ПЛ,mLNQ46TH
373,Муринов Анатолий Борисович,171,11б,5,Муринов_АБ,SYYF75kM
374,Гришалова Любовь Евгеньевна,301,8т,3,Гришалова_ЛЕ,O4S4MoRB
375,Ситчихин Станислав Георгиевич,247,8т,5,Ситчихин_СГ,oPOKxK5k
376,Просяных Георгий Василиевич,366,9в,2,Просяных_ГВ,dPmYP97i
377,Дзабиев Григорий Георгиевич,259,11д,5,Дзабиев_ГГ,5oINbs8J
378,Рыбаулин Григорий Алексеевич,140,11а,5,Рыбаулин_ГА,N3JmblNY
379,Тупиева Екатерина Ивановна,400,7д,2,Тупиева_ЕИ,j8zDM20W
380,Куверчева Алена Ивановна,170,10д,3,Куверчева_АИ,4WMAyYef
381,Цаблинова Виктория Богдановна,342,9г,4,Цаблинова_ВБ,hYDM9po2
382,Синенков Григорий Леонидович,230,9в,5,Синенков_ГЛ,L3hQT3c8
383,Лизункин Артур Олегович,4,11в,5,Лизункин_АО,LN8NHzwo
384,Славущева Александра Эдуардовна,81,8а,5,Славущева_АЭ,0iclXs5H
385,Шахвердов Дмитрий Антонович,132,11б,2,Шахвердов_ДА,yp93oR3d
386,Рапацкая Ольга Ивановна,223,10г,3,Рапацкая_ОИ,m16mtVsG
387,Сторокожев Виталий Аркадиевич,159,9б,2,Сторокожев_ВА,2gUOpZUK
388,Половодов Кирилл Николаевич,18,8т,5,Половодов_КН,YwJzIu6y
389,Халтанова Алена Дмитриевна,49,8б,3,Халтанова_АД,Fx1qrukm
390,Заложнев Роман Фёдорович,448,8в,4,Заложнев_РФ,fVLS1lF5
391,Рыжих Кристина Аркадьевна,213,7а,4,Рыжих_КА,93dXvdmN
392,Буров Руслан Игоревич,405,11и,5,Буров_РИ,64e0o1R4
393,Гачков Виталий Евгеньевич,277,9т,4,Гачков_ВЕ,ycNa76IS
394,Кадилов Геннадий Борисович,225,10в,3,Кадилов_ГБ,tDd1l6oX
395,Гликина Алёна Эдуардовна,454,9б,3,Гликина_АЭ,oKS3St3D
396,Ичкинина Любовь Андреевна,299,8г,5,Ичкинина_ЛА,zA1IrybR
397,Мозшорина Кира Дмитриевна,65,8б,3,Мозшорина_КД,YU6BuPBF
398,Брижеватов Константин Борисович,152,11т,2,Брижеватов_КБ,9NrWdRfC
399,Бучеров Тарас Викторович,429,10д,4,Бучеров_ТВ,TM41M7Yz
400,Мисютина Валерия Эдуардовна,368,9г,2,Мисютина_ВЭ,OyJx5PkV
401,Льянов Федор Вадимович,328,8а,4,Льянов_ФВ,gOc9ah8Q
402,Щуркин Георгий Яковлевич,180,8в,4,Щуркин_ГЯ,23DjQwfi
403,Акулин Федор Адамович,241,10г,4,Акулин_ФА,feRYmsP5
404,Волженкова Екатерина Ивановна,233,9д,4,Волженкова_ЕИ,KbR742wJ
405,Махометова София Викторовна,424,8и,3,Махометова_СВ,36xKJm52
406,Зызлов Геннадий Антонович,274,7в,3,Зызлов_ГА,71BwwEkn
407,Девляшова Кира Олеговна,51,11д,5,Девляшова_КО,SktdGMm1
408,Яковкина Алена Никитична,320,9т,5,Яковкина_АН,Hwqi5T6X
409,Бузулев Вадим Николаевич,331,10д,3,Бузулев_ВН,Md7A79Ho
410,Ганельский Юрий Юриевич,474,9д,3,Ганельский_ЮЮ,uuCT63HQ
411,Шкапрова Ева Ивановна,371,7б,5,Шкапрова_ЕИ,bdhdU46z
412,Чичирин Владимир Георгиевич,11,10а,4,Чичирин_ВГ,9yRMIBLS
413,Шилова Надежда Викторовна,124,9б,2,Шилова_НВ,sEm7VCh6
414,Коваев Руслан Михаилович,487,9т,3,Коваев_РМ,IAD8fuut
415,Саверина Надежда Андреевна,407,11б,4,Саверина_НА,Um95qP3O
416,Тишанкин Олег Адамович,334,9д,3,Тишанкин_ОА,HCl8Xrc9
417,Широпаев Валерий Сергеевич,406,9б,2,Широпаев_ВС,aQ5W8p8v
418,Щепанин Олег Адамович,226,7а,3,Щепанин_ОА,XiSGky56
419,Оплетин Владислав Аркадиевич,361,10х,4,Оплетин_ВА,qvwS7AIX
420,Оденова Карина Андреевна,409,8и,4,Оденова_КА,e9tIaR2g
421,Семагин Альберт Андреевич,456,10х,4,Семагин_АА,AAXXB2Bx
422,Черданцева Анастасия Олеговна,128,8х,3,Черданцева_АО,Bu2SyOCz
423,Лонцова Елизавета Эдуардовна,224,7х,3,Лонцова_ЕЭ,3JiaGHPA
424,Сарсекеева Алёна Никитична,462,11и,4,Сарсекеева_АН,QVWAEd0h
425,Аковецкий Антон Евгеньевич,500,8б,4,Аковецкий_АЕ,o49PgzRo
426,Аратский Станислав Борисович,351,9и,2,Аратский_СБ,x2fQiJ0e
427,Чужриков Пётр Денисович,200,9в,3,Чужриков_ПД,QSEJ6hCP
428,Никитшин Алексей Кириллович,111,11и,3,Никитшин_АК,a930N0SJ
429,Симендяев Василий Алексиевич,45,8д,4,Симендяев_ВА,UBT5FtpH
430,Ошитков Максим Сергеевич,151,10г,4,Ошитков_МС,Y6y7aaKU
431,Юрасов Евгений Романович,338,9и,3,Юрасов_ЕР,1qXYRTk2
432,Головяшин Павел Юриевич,179,7г,5,Головяшин_ПЮ,ijjvPWu7
433,Манжурина Екатерина Сергеевна,219,7т,3,Манжурина_ЕС,dba3EQjh
434,Никурашин Олег Евгеньевич,291,11х,2,Никурашин_ОЕ,GdV59fAA
435,Бехтерев Федор Вадимович,137,9х,3,Бехтерев_ФВ,nw7w0Gz7
436,Годлевская Катерина Дмитриевна,403,11г,3,Годлевская_КД,Bwc0UrAU
437,Акиярова Алина Эдуардовна,9,11а,4,Акиярова_АЭ,I037nAHD
438,Милина Алена Петровна,359,8г,3,Милина_АП,HC99yulr
439,Воловин Борис Викторович,350,7т,2,Воловин_БВ,YmDKk7nB
440,Туморина Ксения Федоровна,133,8б,5,Туморина_КФ,Py1fQ8la
441,Желейков Вячеслав Яковлевич,199,8г,3,Желейков_ВЯ,6MyB3xZH
442,Шишорнина Екатерина Алексеевна,183,8т,3,Шишорнина_ЕА,1pNSLSKA
443,Юумогулова Виолетта Игоревна,311,10х,3,Юумогулова_ВИ,a1llsqBQ
444,Рецков Денис Денисович,85,10д,2,Рецков_ДД,kDBM8JMx
445,Химунина Елизавета Ивановна,392,7д,2,Химунина_ЕИ,7CIoQnUl
446,Кобрянов Александр Алексиевич,455,7т,2,Кобрянов_АА,T15KbQNc
447,Бирылов Тарас Данилович,243,11а,3,Бирылов_ТД,g7at27aM
448,Туфатулин Ярослав Леонидович,485,8х,4,Туфатулин_ЯЛ,APO2vXoa
449,Долбишев Николай Аркадиевич,292,10б,5,Долбишев_НА,Pkc8gRpX
450,Махтумова Алёна Эдуардовна,186,10б,4,Махтумова_АЭ,Q8aDO0PY
451,Нарзаркин Алексей Романович,423,10т,2,Нарзаркин_АР,Ptf7YSuy
452,Куранина Алена Леонидовна,196,9б,4,Куранина_АЛ,LALk3ONQ
453,Ситюков Аркадий Евгеньевич,32,10в,3,Ситюков_АЕ,EsteMFn3
454,Мизюрова Алиса Никитична,176,7г,4,Мизюрова_АН,OxTYP1Hq
455,Пандурова Алиса Дмитриевна,130,9б,2,Пандурова_АД,LFqPw39v
456,Жилейкин Борис Тимофеевич,91,7в,2,Жилейкин_БТ,t7zKui2f
457,Корпункова Виолетта Сергеевна,83,11а,3,Корпункова_ВС,hBgjQSD6
458,Пашохонова Анастасия Федоровна,467,9в,4,Пашохонова_АФ,lvbHB4bq
459,Сузальцева Тамара Михайловна,357,8х,4,Сузальцева_ТМ,Be8EfVy1
460,Чиличкина Светлана Яковлевна,5,8в,5,Чиличкина_СЯ,ydfJ6taC
461,Шантыкова Карина Максимовна,198,10д,3,Шантыкова_КМ,gW06T4An
462,Недосекин Владислав Яковлевич,457,10а,4,Недосекин_ВЯ,FlYL2qcH
463,Максимкин Федор Фёдорович,172,10г,2,Максимкин_ФФ,1oVUSF2P
464,Матбиюшина Виктория Игоревна,237,8д,2,Матбиюшина_ВИ,IQvw60WM
465,Шишкунов Герасим Юрьевич,110,8т,4,Шишкунов_ГЮ,B9u3Z2ua
466,Сухинин Георгий Алексиевич,475,10х,4,Сухинин_ГА,VYWyd1fY
467,Бисеева Полина Романовна,48,7д,5,Бисеева_ПР,IGCIWf9B
468,Жукулов Михаил Денисович,60,11г,3,Жукулов_МД,23vA3ZnN
469,Тоняев Герасим Петрович,378,9т,5,Тоняев_ГП,Am9ZoKWo
470,Шушенкова Алёна Олеговна,36,7и,2,Шушенкова_АО,unKmO924
471,Разроев Дмитрий Павлович,59,9а,2,Разроев_ДП,ha8Uay7g
472,Баззаев Анатолий Данилович,339,9д,2,Баззаев_АД,F8UX9bQF
473,Цекова Алла Олеговна,50,8д,2,Цекова_АО,y1vYvhjR
474,Аборонова Алиса Алексеевна,444,7г,5,Аборонова_АА,hWWrDG8v
475,Ягловская Ева Олеговна,181,8в,4,Ягловская_ЕО,TDPK94eZ
476,Шароварова Яна Романовна,175,8а,4,Шароварова_ЯР,s5pKDoCp
477,Общев Яков Викторович,466,8а,4,Общев_ЯВ,n109xUkb
478,Ойзерская Катерина Эдуардовна,120,7х,2,Ойзерская_КЭ,2LmWExrA
479,Прусский Ярослав Иванович,479,11б,2,Прусский_ЯИ,peSo8oH1
480,Лабинов Павел Алексеевич,272,7б,5,Лабинов_ПА,1tZHcNCl
481,Покровов Эдуард Павлович,312,8б,2,Покровов_ЭП,MrNwOl0D
482,Мачехин Эдуард Данилович,19,7д,3,Мачехин_ЭД,Yg7VBIPL
483,Кодорская Раиса Ивановна,27,11б,3,Кодорская_РИ,uTz4k5Ot
484,Кондраева Марина Ивановна,469,9д,3,Кондраева_МИ,HR8f1g2J
485,Бульенков Валентин Иванович,136,10т,4,Бульенков_ВИ,rdOO3RhN
486,Тагакова Вероника Яковлевна,393,8т,4,Тагакова_ВЯ,AdQYnu3a
487,Гершанова Любовь Евгеньевна,383,11т,5,Гершанова_ЛЕ,7hWgMDQR
488,Салина Алена Егоровна,73,11в,5,Салина_АЕ,o4v4Pr4J
489,Фрумова Зинаида Аркадьевна,78,8а,4,Фрумова_ЗА,ygb3yspR
490,Хорняков Борис Борисович,13,8г,2,Хорняков_ББ,gFkc55Ed
491,Гдагазина Лиза Василевна,212,9т,5,Гдагазина_ЛВ,vAE0TYEz
492,Агаршев Ярослав Михаилович,276,9т,2,Агаршев_ЯМ,l3Rl8iPF
493,Корюшин Пётр Антонович,326,8х,2,Корюшин_ПА,A7dZ3Dk3
494,Калаев Пётр Алексиевич,68,8а,3,Калаев_ПА,QgXC5cyk
495,Ккаталкина Виолетта Егоровна,53,7б,2,Ккаталкина_ВЕ,dLjr6MMx
496,Рачнов Герасим Алексеевич,103,10а,5,Рачнов_ГА,Ul6dM6LR
497,Миндубаева Людмила Леонидовна,477,11и,2,Миндубаева_ЛЛ,yMGZLr1b
498,Агафьева Вера Ивановна,352,11х,3,Агафьева_ВИ,1XsKm2YT
499,Житин Эдуард Адамович,481,9а,5,Житин_ЭА,4RUVZlEa
